doc_id	cause_num	adjudication_date	receipt_date	date_publ	judge	doc_url	court_code	judgment_code	justice_kind	category_code	status	char_count	selection_reason
135350077	1-07/07	2026-03-25 00:00:00+02	2026-04-02 00:00:00+03	2026-04-08 00:00:00+03	Король Володимир Володимирович	https://od.reyestr.court.gov.ua/files/67/9051d9a2bf463c11a9122ba99733d874.rtf	9951	2	2	2002	1	55757	single_record_large_text
135443479	240/12897/25	2026-04-02 00:00:00+03	2026-04-06 00:00:00+03	2026-04-07 00:00:00+03	Губська Олена Анатоліївна	https://od.reyestr.court.gov.ua/files/67/8de5e0dd8920e981f4dee5c029b40cd9.rtf	9951	2	4	12680	1	27828	single_record_large_text
135274905	761/42070/23	2026-03-25 00:00:00+02	2026-03-31 00:00:00+03	2026-04-01 00:00:00+03	Булейко Ольга Леонідівна	https://od.reyestr.court.gov.ua/files/67/bfa81b39214571478ab6ceae89f7849f.rtf	9951	2	2	40933	1	15316	single_record_large_text
135083073	542/881/19	2026-03-11 00:00:00+02	2026-03-24 00:00:00+02	2026-03-25 00:00:00+02	Мартєв Сергій Юрійович	https://od.reyestr.court.gov.ua/files/67/d283dec21467808c69e14e4b887ad02c.rtf	9951	2	1	40343	1	83454	single_record_large_text
135044563	922/5241/21	2026-03-04 00:00:00+02	2026-03-24 00:00:00+02	2026-03-24 00:00:00+02	Ємець Анатолій Анатолійович	https://od.reyestr.court.gov.ua/files/67/d580063c3c86df45e4b92f328e0c2f83.rtf	9951	2	3	40190	1	81077	latest_publication_and_longer_text
135044561	922/264/24	2026-03-04 00:00:00+02	2026-03-24 00:00:00+02	2026-03-24 00:00:00+02	Пільков Костянтин Миколайович	https://od.reyestr.court.gov.ua/files/67/2871a50d0d7c8f421db9f97e87ca9d96.rtf	9951	2	3	40217	1	154221	latest_publication_and_longer_text
134833422	946/3565/24	2026-03-11 00:00:00+02	2026-03-17 00:00:00+02	2026-03-17 00:00:00+02	Ткачук Олег Степанович	https://od.reyestr.court.gov.ua/files/67/7183f20d52dcea78ba7f1bf5bb1f50be.rtf	9951	2	1	40395	1	18050	single_record_large_text
134833411	757/38039/17-ц	2026-03-11 00:00:00+02	2026-03-17 00:00:00+02	2026-03-17 00:00:00+02	Ткачук Олег Степанович	https://od.reyestr.court.gov.ua/files/67/e6569de700925cfbc19483b2c42b5076.rtf	9951	2	1	40351	1	25145	single_record_large_text
134833403	359/8573/20	2026-03-04 00:00:00+02	2026-03-17 00:00:00+02	2026-03-17 00:00:00+02	Ткач Ігор Васильович	https://od.reyestr.court.gov.ua/files/67/b97d9e750e1a6c761d0a3caea392cf6b.rtf	9951	2	3	13411	1	12832	single_record_large_text
134833396	911/969/24	2026-02-18 00:00:00+02	2026-03-17 00:00:00+02	2026-03-17 00:00:00+02	Банасько Олександр Олександрович	https://od.reyestr.court.gov.ua/files/67/60fe16c29872a958eed58ee3b8452f6b.rtf	9951	2	3	40254	1	61932	single_record_large_text
134802046	755/15993/18	2026-02-25 00:00:00+02	2026-03-13 00:00:00+02	2026-03-16 00:00:00+02	Булейко Ольга Леонідівна	https://od.reyestr.court.gov.ua/files/67/dd7e1fabefdaf249827569b1d3536bd0.rtf	9951	2	2	5363	1	34326	latest_publication_and_longer_text
134688391	760/14761/18	2026-02-25 00:00:00+02	2026-03-11 00:00:00+02	2026-03-12 00:00:00+02	Кравченко Станіслав Іванович	https://od.reyestr.court.gov.ua/files/67/3704e8cd4f376015522b20fb4e5365c5.rtf	9951	2	2	40933	1	24531	latest_publication_and_longer_text
134688422	240/7215/24	2026-02-19 00:00:00+02	2026-03-11 00:00:00+02	2026-03-11 00:00:00+02	Стрелець Тетяна Геннадіївна	https://od.reyestr.court.gov.ua/files/67/1b626e8f4d211d8bd99ab5249627a63d.rtf	9951	2	4	40056	1	69148	single_record_large_text
134647902	308/17634/23	2026-02-11 00:00:00+02	2026-03-09 00:00:00+02	2026-03-11 00:00:00+02	Білоконь Олена Валеріївна	https://od.reyestr.court.gov.ua/files/67/afb893610460cc6afee05f9228ff1fac.rtf	9951	2	1	40410	1	67826	single_record_large_text
134456475	344/13201/23	2026-02-11 00:00:00+02	2026-03-02 00:00:00+02	2026-03-03 00:00:00+02	Мартєв Сергій Юрійович	https://od.reyestr.court.gov.ua/files/67/009645b2c182bda511548511e3e0b2cd.rtf	9951	2	1	40389	1	68582	single_record_large_text
134456472	754/511/23	2026-02-11 00:00:00+02	2026-03-02 00:00:00+02	2026-03-03 00:00:00+02	Воробйова Ірина Анатоліївна	https://od.reyestr.court.gov.ua/files/67/fd9b4dc3966c9c6451b62ebca773730b.rtf	9951	2	1	40336	1	62141	single_record_large_text
134456469	904/1615/22	2026-01-21 00:00:00+02	2026-03-02 00:00:00+02	2026-03-03 00:00:00+02	Ткач Ігор Васильович	https://od.reyestr.court.gov.ua/files/67/338e813279f85ea46dc941b3086f5871.rtf	9951	2	3	12215	1	75313	single_record_large_text
134266638	580/407/14-ц	2026-02-11 00:00:00+02	2026-02-23 00:00:00+02	2026-02-24 00:00:00+02	Ткачук Олег Степанович	https://od.reyestr.court.gov.ua/files/67/b2945f9cf25ae5a130949733eaefad95.rtf	9951	2	1	40320	1	31988	single_record_large_text
134266637	303/5393/23	2026-02-11 00:00:00+02	2026-02-23 00:00:00+02	2026-02-24 00:00:00+02	Ткачук Олег Степанович	https://od.reyestr.court.gov.ua/files/67/2969a23e47d6a51e5bb9b3387b25a8e8.rtf	9951	2	1	40363	1	27182	single_record_large_text
134266635	2а-2340/11	2026-02-19 00:00:00+02	2026-02-23 00:00:00+02	2026-02-24 00:00:00+02	Шевцова Наталія Володимирівна	https://od.reyestr.court.gov.ua/files/67/6b473330fcaa6622fbd48280f97d78ab.rtf	9951	2	4	5529	1	24293	single_record_large_text
134266626	910/6654/24	2026-02-04 00:00:00+02	2026-02-23 00:00:00+02	2026-02-24 00:00:00+02	Пільков Костянтин Миколайович	https://od.reyestr.court.gov.ua/files/67/eddd97c00deeb767bbe36a0f3dd54b89.rtf	9951	2	3	40252	1	94233	single_record_large_text
